582345909	standing	LIGHT	0.0	0.0	0.0
582346116	standing	LIGHT	187.0	0.0	0.0
582346116	standing	LIGHT	175.0	0.0	0.0
582346116	standing	LIGHT	166.0	0.0	0.0
1548818153003	standing	Flat Up	0.0	0.0	0.0	4.2E-45	0.0	0.0	0.0	0.0	0.0	0.0	0.0	0.0	0.0	0.0	0.0	0.0
1548818153008	standing	Flat Down	0.0	0.0	0.0	4.2E-45	0.0	0.0	0.0	0.0	0.0	0.0	0.0	0.0	0.0	0.0	0.0	0.0
582346143	standing	LIGHT	166.0	0.0	0.0
582346143	standing	PROXIMITY	100.0	0.0	0.0
582346327	standing	ACCELEROMETER	0.45	9.127	4.099
582346337	standing	ACCELEROMETER	0.814	8.964	3.974
582346347	standing	ACCELEROMETER	0.852	8.945	3.984
582346360	standing	ACCELEROMETER	0.814	8.916	4.012
582346367	standing	ACCELEROMETER	0.747	9.002	4.022
582346375	standing	LIGHT	168.0	0.0	0.0
582346375	standing	LIGHT	170.0	0.0	0.0
582346375	standing	LIGHT	173.0	0.0	0.0
582346375	standing	LIGHT	170.0	0.0	0.0
582346375	standing	LIGHT	168.0	0.0	0.0
582346375	standing	LIGHT	166.0	0.0	0.0
582346377	standing	ACCELEROMETER	0.775	8.983	4.079
582346387	standing	ACCELEROMETER	0.66	9.012	4.233
582346397	standing	ACCELEROMETER	0.632	9.088	4.166
582346407	standing	ACCELEROMETER	0.67	9.04	4.204
582346416	standing	ACCELEROMETER	0.67	9.04	4.204
582346429	standing	ACCELEROMETER	0.603	8.992	4.386
582346439	standing	ACCELEROMETER	0.814	8.935	4.328
582346447	standing	ACCELEROMETER	0.871	8.916	4.357
582346457	standing	ACCELEROMETER	0.871	8.925	4.357
582346467	standing	ACCELEROMETER	0.565	9.098	4.386
582346477	standing	ACCELEROMETER	0.565	8.954	4.338
582346487	standing	ACCELEROMETER	0.775	9.031	4.146
582346497	standing	ACCELEROMETER	0.421	9.117	4.118
582346501	standing	LIGHT	165.0	0.0	0.0
582346507	standing	ACCELEROMETER	-0.344	9.203	3.964
582346518	standing	ACCELEROMETER	-0.421	9.471	4.367
582346526	standing	LIGHT	164.0	0.0	0.0
582346527	standing	ACCELEROMETER	-0.277	9.529	4.817
582346537	standing	ACCELEROMETER	0.028	9.194	4.357
582346544	standing	LIGHT	163.0	0.0	0.0
582346548	standing	ACCELEROMETER	-0.038	8.954	4.146
582346557	standing	ACCELEROMETER	0.095	9.155	4.415
582346567	standing	ACCELEROMETER	0.143	9.088	4.558
582346578	standing	ACCELEROMETER	0.153	9.002	4.884
582346587	standing	ACCELEROMETER	0.172	9.021	5.344
582346598	standing	ACCELEROMETER	0.201	8.964	5.382
582346601	standing	LIGHT	168.0	0.0	0.0
582346607	standing	ACCELEROMETER	0.268	8.925	5.229
582346615	standing	LIGHT	174.0	0.0	0.0
582346617	standing	ACCELEROMETER	0.316	9.04	5.008
582346622	standing	LIGHT	180.0	0.0	0.0
582346629	standing	ACCELEROMETER	0.057	9.155	4.233
582346639	standing	ACCELEROMETER	-0.478	9.452	3.85
582346647	standing	ACCELEROMETER	-0.785	9.663	3.562
582346657	standing	ACCELEROMETER	-1.101	9.931	3.064
582346667	standing	ACCELEROMETER	-1.407	9.931	3.026
582346677	standing	ACCELEROMETER	-1.388	9.73	3.342
582346687	standing	ACCELEROMETER	-0.718	9.194	4.041
582346695	standing	LIGHT	181.0	0.0	0.0
582346697	standing	ACCELEROMETER	-0.076	9.002	4.319
582346702	standing	LIGHT	182.0	0.0	0.0
582346707	standing	ACCELEROMETER	0.344	8.992	4.625
582346711	standing	LIGHT	183.0	0.0	0.0
582346717	standing	ACCELEROMETER	0.316	8.878	4.654
582346727	standing	ACCELEROMETER	0.181	9.04	4.367
582346737	standing	ACCELEROMETER	-0.421	9.308	4.051
582346747	standing	ACCELEROMETER	-0.67	9.241	3.658
582346757	standing	ACCELEROMETER	-0.881	9.625	3.85
582346768	standing	ACCELEROMETER	-0.89	9.625	4.108
582346777	standing	ACCELEROMETER	-0.699	9.5	4.357
582346787	standing	ACCELEROMETER	-0.488	9.423	4.453
582346797	standing	ACCELEROMETER	-0.277	9.337	4.233
582346807	standing	ACCELEROMETER	-0.114	9.27	4.137
582346815	standing	LIGHT	180.0	0.0	0.0
582346817	standing	ACCELEROMETER	-0.201	9.174	3.917
582346822	standing	LIGHT	178.0	0.0	0.0
582346827	standing	ACCELEROMETER	-0.201	9.127	3.984
582346836	standing	LIGHT	176.0	0.0	0.0
582346837	standing	ACCELEROMETER	-0.095	9.059	4.022
582346847	standing	ACCELEROMETER	-0.124	9.059	4.3
582346857	standing	ACCELEROMETER	-0.028	9.098	4.635
582346867	standing	ACCELEROMETER	0.105	9.117	4.462
582346877	standing	ACCELEROMETER	-0.105	9.213	4.156
582346887	standing	ACCELEROMETER	-0.287	9.299	3.974
582346897	standing	ACCELEROMETER	-0.545	9.318	3.926
582346907	standing	ACCELEROMETER	-0.565	9.251	3.897
582346917	standing	ACCELEROMETER	-0.363	9.289	3.83
582346927	standing	ACCELEROMETER	-0.249	9.184	3.773
582346937	standing	ACCELEROMETER	-0.028	9.146	3.85
582346947	standing	ACCELEROMETER	0.057	9.098	3.85
582346957	standing	ACCELEROMETER	0.22	9.088	3.754
582346967	standing	ACCELEROMETER	0.143	9.127	3.696
582346977	standing	ACCELEROMETER	0.114	9.146	3.581
582346987	standing	ACCELEROMETER	-0.009	9.222	3.514
582346997	standing	ACCELEROMETER	-0.028	9.308	3.553
582347010	standing	ACCELEROMETER	-0.143	9.356	3.61
582347017	standing	ACCELEROMETER	-0.095	9.404	3.715
582347027	standing	ACCELEROMETER	-0.095	9.318	3.715
582347037	standing	ACCELEROMETER	-0.095	9.261	3.897
582347047	standing	ACCELEROMETER	-0.019	9.28	3.945
582347057	standing	ACCELEROMETER	-0.114	9.155	4.041
582347067	standing	ACCELEROMETER	-0.21	9.194	4.012
582347078	standing	ACCELEROMETER	-0.181	9.213	4.06
582347088	standing	ACCELEROMETER	-0.047	9.174	4.06
582347094	standing	LIGHT	174.0	0.0	0.0
582347097	standing	ACCELEROMETER	0.038	9.117	4.041
582347106	standing	LIGHT	172.0	0.0	0.0
582347107	standing	ACCELEROMETER	0.095	9.107	3.888
582347111	standing	LIGHT	170.0	0.0	0.0
582347117	standing	ACCELEROMETER	-0.047	9.165	3.782
582347127	standing	ACCELEROMETER	-0.019	9.165	3.735
582347138	standing	ACCELEROMETER	-0.201	9.232	3.591
582347147	standing	ACCELEROMETER	-0.258	9.251	3.677
582347157	standing	ACCELEROMETER	-0.191	9.28	3.62
582347167	standing	ACCELEROMETER	-0.229	9.347	3.735
582347177	standing	ACCELEROMETER	-0.287	9.366	4.031
582347187	standing	ACCELEROMETER	-0.258	9.356	4.089
582347193	standing	LIGHT	172.0	0.0	0.0
582347197	standing	ACCELEROMETER	-0.249	9.318	4.424
582347204	standing	LIGHT	174.0	0.0	0.0
582347207	standing	ACCELEROMETER	-0.201	9.222	4.395
582347212	standing	LIGHT	176.0	0.0	0.0
582347218	standing	ACCELEROMETER	-0.153	9.155	4.415
582347227	standing	ACCELEROMETER	-0.201	9.127	4.261
582347237	standing	ACCELEROMETER	-0.086	9.155	4.261
582347249	standing	ACCELEROMETER	-0.172	9.174	4.07
582347257	standing	ACCELEROMETER	-0.162	9.194	4.108
582347267	standing	ACCELEROMETER	-0.162	9.184	4.051
582347277	standing	ACCELEROMETER	-0.191	9.213	4.099
582347287	standing	ACCELEROMETER	-0.134	9.194	4.108
582347297	standing	ACCELEROMETER	0.028	9.184	4.06
582347307	standing	ACCELEROMETER	0.047	9.184	4.031
582347317	standing	ACCELEROMETER	0.019	9.194	4.031
582347327	standing	ACCELEROMETER	0.086	9.184	4.051
582347337	standing	ACCELEROMETER	0.076	9.174	4.003
582347347	standing	ACCELEROMETER	-0.028	9.136	4.07
582347357	standing	ACCELEROMETER	0.076	9.136	4.156
582347367	standing	ACCELEROMETER	0.143	9.107	4.271
582347377	standing	ACCELEROMETER	0.172	9.117	4.405
582347387	standing	ACCELEROMETER	0.124	9.088	4.472
582347397	standing	ACCELEROMETER	0.047	9.117	4.415
582347407	standing	ACCELEROMETER	-0.028	9.117	4.328
582347417	standing	ACCELEROMETER	-0.038	9.165	4.137
582347427	standing	ACCELEROMETER	-0.095	9.165	4.041
582347437	standing	ACCELEROMETER	-0.21	9.241	3.907
582347447	standing	ACCELEROMETER	-0.287	9.299	3.648
582347457	standing	ACCELEROMETER	-0.258	9.251	3.658
582347467	standing	ACCELEROMETER	-0.181	9.28	3.677
582347477	standing	ACCELEROMETER	-0.162	9.241	3.687
582347487	standing	ACCELEROMETER	-0.114	9.261	3.821
582347497	standing	ACCELEROMETER	-0.076	9.289	3.782
582347507	standing	ACCELEROMETER	-0.229	9.194	3.897
582347517	standing	ACCELEROMETER	-0.239	9.251	4.06
582347527	standing	ACCELEROMETER	-0.316	9.318	4.146
582347537	standing	ACCELEROMETER	-0.316	9.27	4.252
582347547	standing	ACCELEROMETER	-0.153	9.261	4.395
582347557	standing	ACCELEROMETER	-0.067	9.251	4.357
582347567	standing	ACCELEROMETER	-0.076	9.194	4.3
582347577	standing	ACCELEROMETER	-0.038	9.165	4.252
582347588	standing	ACCELEROMETER	0.019	9.155	4.127
582347597	standing	ACCELEROMETER	0.019	9.146	4.07
582347607	standing	ACCELEROMETER	0.028	9.136	3.974
582347617	standing	ACCELEROMETER	0.067	9.107	3.859
582347627	standing	ACCELEROMETER	0.057	9.174	3.782
582347637	standing	ACCELEROMETER	0.0	9.213	3.773
582347647	standing	ACCELEROMETER	-0.028	9.28	3.706
582347657	standing	ACCELEROMETER	-0.067	9.261	3.696
582347667	standing	ACCELEROMETER	-0.143	9.27	3.744
582347677	standing	ACCELEROMETER	-0.086	9.261	3.878
582347687	standing	ACCELEROMETER	-0.201	9.28	3.907
582347697	standing	ACCELEROMETER	-0.277	9.299	3.897
582347707	standing	ACCELEROMETER	-0.191	9.308	3.802
582347717	standing	ACCELEROMETER	-0.22	9.261	3.792
582347727	standing	ACCELEROMETER	-0.22	9.241	3.955
582347737	standing	ACCELEROMETER	-0.22	9.155	4.06
582347747	standing	ACCELEROMETER	-0.181	9.194	4.175
582347757	standing	ACCELEROMETER	-0.114	9.203	4.3
582347767	standing	ACCELEROMETER	-0.172	9.184	4.166
582347777	standing	ACCELEROMETER	-0.181	9.251	4.185
582347787	standing	ACCELEROMETER	-0.162	9.222	4.156
582347797	standing	ACCELEROMETER	-0.22	9.28	4.041
582347807	standing	ACCELEROMETER	-0.239	9.261	4.137
582347817	standing	ACCELEROMETER	-0.162	9.241	4.175
582347827	standing	ACCELEROMETER	-0.172	9.28	4.108
582347837	standing	ACCELEROMETER	-0.181	9.28	4.079
582347847	standing	ACCELEROMETER	-0.143	9.261	4.003
582347857	standing	ACCELEROMETER	-0.114	9.241	3.926
582347867	standing	ACCELEROMETER	-0.086	9.174	3.83
582347877	standing	ACCELEROMETER	-0.076	9.184	3.917
582347887	standing	ACCELEROMETER	-0.086	9.194	3.926
582347897	standing	ACCELEROMETER	-0.086	9.184	3.859
582347907	standing	ACCELEROMETER	-0.095	9.136	3.993
582347917	standing	ACCELEROMETER	-0.191	9.27	3.936
582347927	standing	ACCELEROMETER	-0.181	9.241	3.926
582347937	standing	ACCELEROMETER	-0.124	9.213	4.07
582347947	standing	ACCELEROMETER	-0.114	9.213	4.099
582347957	standing	ACCELEROMETER	-0.038	9.222	4.079
582347967	standing	ACCELEROMETER	0.0	9.155	4.06
582347977	standing	ACCELEROMETER	-0.009	9.146	4.051
582347987	standing	ACCELEROMETER	0.047	9.117	4.099
582347997	standing	ACCELEROMETER	0.009	9.194	4.003
582348007	standing	ACCELEROMETER	-0.095	9.203	3.907
582348017	standing	ACCELEROMETER	-0.047	9.222	3.897
582348027	standing	ACCELEROMETER	-0.009	9.213	3.744
582348037	standing	ACCELEROMETER	0.028	9.155	3.869
582348047	standing	ACCELEROMETER	-0.028	9.213	3.869
582348057	standing	ACCELEROMETER	-0.057	9.184	3.945
582348068	standing	ACCELEROMETER	-0.191	9.251	4.041
582348077	standing	ACCELEROMETER	-0.114	9.194	4.031
582348087	standing	ACCELEROMETER	-0.057	9.251	4.012
582348097	standing	ACCELEROMETER	-0.076	9.213	3.83
582348107	standing	ACCELEROMETER	-0.134	9.261	3.993
582348117	standing	ACCELEROMETER	-0.153	9.299	4.003
582348127	standing	ACCELEROMETER	-0.181	9.28	3.984
582348137	standing	ACCELEROMETER	-0.191	9.232	4.089
582348147	standing	ACCELEROMETER	-0.134	9.232	4.175
582348157	standing	ACCELEROMETER	-0.172	9.251	4.156
582348168	standing	ACCELEROMETER	-0.181	9.232	4.175
582348177	standing	ACCELEROMETER	-0.268	9.251	4.156
582348187	standing	ACCELEROMETER	-0.239	9.241	4.223
582348197	standing	ACCELEROMETER	-0.277	9.232	4.166
582348207	standing	ACCELEROMETER	-0.239	9.28	4.156
582348217	standing	ACCELEROMETER	-0.201	9.261	4.041
582348227	standing	ACCELEROMETER	-0.134	9.261	3.993
582348237	standing	ACCELEROMETER	-0.067	9.232	3.85
582348247	standing	ACCELEROMETER	-0.134	9.222	3.84
582348257	standing	ACCELEROMETER	-0.114	9.28	3.878
582348267	standing	ACCELEROMETER	-0.134	9.261	3.907
582348277	standing	ACCELEROMETER	-0.076	9.194	4.012
582348287	standing	ACCELEROMETER	0.105	9.251	3.955
582348297	standing	ACCELEROMETER	0.047	9.127	3.897
582348307	standing	ACCELEROMETER	0.124	9.146	3.897
582348317	standing	ACCELEROMETER	0.153	9.088	3.945
582348327	standing	ACCELEROMETER	0.105	9.107	3.955
582348337	standing	ACCELEROMETER	0.019	9.127	3.945
582348347	standing	ACCELEROMETER	-0.057	9.203	3.964
582348357	standing	ACCELEROMETER	-0.105	9.251	3.945
582348367	standing	ACCELEROMETER	-0.076	9.213	4.012
582348377	standing	ACCELEROMETER	-0.143	9.251	4.137
582348387	standing	ACCELEROMETER	-0.124	9.261	4.213
582348397	standing	ACCELEROMETER	-0.124	9.28	4.166
582348407	standing	ACCELEROMETER	-0.143	9.251	4.089
582348417	standing	ACCELEROMETER	-0.105	9.213	4.108
582348427	standing	ACCELEROMETER	-0.105	9.203	4.022
582348438	standing	ACCELEROMETER	-0.124	9.241	3.955
582348447	standing	ACCELEROMETER	-0.21	9.241	3.888
582348457	standing	ACCELEROMETER	-0.172	9.232	3.897
582348467	standing	ACCELEROMETER	-0.095	9.213	4.041
582348477	standing	ACCELEROMETER	-0.153	9.232	4.166
582348487	standing	ACCELEROMETER	-0.076	9.232	4.28
582348497	standing	ACCELEROMETER	-0.076	9.194	4.338
582348507	standing	ACCELEROMETER	-0.038	9.194	4.261
582348518	standing	ACCELEROMETER	0.057	9.203	4.108
582348527	standing	ACCELEROMETER	-0.086	9.184	4.003
582348537	standing	ACCELEROMETER	-0.134	9.203	3.917
582348547	standing	ACCELEROMETER	-0.134	9.328	3.917
582348557	standing	ACCELEROMETER	-0.296	9.366	3.811
582348567	standing	ACCELEROMETER	-0.095	9.385	3.696
582348577	standing	ACCELEROMETER	0.105	9.366	3.878
582348587	standing	ACCELEROMETER	0.0	9.146	3.782
582348597	standing	ACCELEROMETER	0.114	9.289	3.897
582348607	standing	ACCELEROMETER	-0.143	9.452	3.917
582348617	standing	ACCELEROMETER	-0.747	9.711	3.246
582348627	standing	ACCELEROMETER	-1.072	9.567	2.614
582348637	standing	ACCELEROMETER	-1.206	9.644	3.112
582348647	standing	ACCELEROMETER	-0.976	9.644	3.141
582348657	standing	ACCELEROMETER	-0.766	9.529	3.064
582348667	standing	ACCELEROMETER	-0.421	9.328	3.773
582348677	standing	ACCELEROMETER	-0.325	9.337	4.405
582348687	standing	ACCELEROMETER	0.162	8.906	4.031
582348692	standing	LIGHT	170.0	0.0	0.0
582348697	standing	ACCELEROMETER	1.206	8.312	4.836
582348702	standing	LIGHT	165.0	0.0	0.0
582348707	standing	ACCELEROMETER	0.775	8.916	5.104
582348714	standing	LIGHT	160.0	0.0	0.0
582348717	standing	ACCELEROMETER	-0.603	8.983	5.114
582348727	standing	ACCELEROMETER	-0.459	9.069	4.817
582348737	standing	ACCELEROMETER	0.22	9.203	4.395
582348747	standing	ACCELEROMETER	0.162	9.088	3.859
582348757	standing	ACCELEROMETER	0.229	9.213	3.61
582348767	standing	ACCELEROMETER	0.191	9.423	3.457
582348777	standing	ACCELEROMETER	0.105	9.481	3.352
582348787	standing	ACCELEROMETER	0.038	9.404	3.361
582348794	standing	LIGHT	162.0	0.0	0.0
582348797	standing	ACCELEROMETER	0.105	9.462	3.495
582348802	standing	LIGHT	164.0	0.0	0.0
582348807	standing	ACCELEROMETER	0.153	9.385	3.505
582348812	standing	LIGHT	166.0	0.0	0.0
582348817	standing	ACCELEROMETER	0.114	9.356	3.486
582348827	standing	ACCELEROMETER	0.21	9.299	3.466
582348837	standing	ACCELEROMETER	0.268	9.194	3.543
582348847	standing	ACCELEROMETER	0.306	9.127	3.572
582348857	standing	ACCELEROMETER	0.354	9.05	3.763
582348867	standing	ACCELEROMETER	0.383	8.983	3.907
582348877	standing	ACCELEROMETER	0.268	9.04	4.118
582348881	standing	LIGHT	167.0	0.0	0.0
582348888	standing	ACCELEROMETER	0.124	9.05	4.261
582348893	standing	LIGHT	166.0	0.0	0.0
582348897	standing	ACCELEROMETER	0.153	9.002	4.376
582348902	standing	LIGHT	165.0	0.0	0.0
582348907	standing	ACCELEROMETER	0.162	8.925	4.28
582348912	standing	LIGHT	163.0	0.0	0.0
582348917	standing	ACCELEROMETER	0.028	9.031	4.319
582348927	standing	ACCELEROMETER	-0.009	9.165	4.424
582348937	standing	ACCELEROMETER	-0.22	9.184	4.462
582348947	standing	ACCELEROMETER	-0.201	9.241	4.443
582348957	standing	ACCELEROMETER	-0.363	9.232	4.204
582348967	standing	ACCELEROMETER	-0.373	9.347	4.137
582348977	standing	ACCELEROMETER	-0.478	9.423	4.137
582348987	standing	ACCELEROMETER	-0.603	9.423	4.194
582348990	standing	LIGHT	162.0	0.0	0.0
582348997	standing	ACCELEROMETER	-0.603	9.433	4.28
582349004	standing	LIGHT	161.0	0.0	0.0
582349007	standing	ACCELEROMETER	-0.536	9.423	4.185
582349011	standing	LIGHT	160.0	0.0	0.0
582349017	standing	ACCELEROMETER	-0.498	9.376	4.079
582349027	standing	ACCELEROMETER	-0.545	9.366	3.878
582349037	standing	ACCELEROMETER	-0.44	9.347	3.782
582349047	standing	ACCELEROMETER	-0.239	9.385	3.514
582349057	standing	ACCELEROMETER	-0.363	9.241	3.447
582349067	standing	ACCELEROMETER	-0.335	9.337	3.361
582349077	standing	ACCELEROMETER	-0.43	9.356	3.342
582349083	standing	LIGHT	157.0	0.0	0.0
582349087	standing	ACCELEROMETER	-0.45	9.443	3.332
582349091	standing	LIGHT	155.0	0.0	0.0
582349097	standing	ACCELEROMETER	-0.459	9.328	3.246
582349105	standing	LIGHT	153.0	0.0	0.0
582349107	standing	ACCELEROMETER	-0.411	9.328	3.179
582349117	standing	ACCELEROMETER	-0.296	9.299	3.045
582349127	standing	ACCELEROMETER	-0.296	9.308	3.122
582349137	standing	ACCELEROMETER	-0.181	9.452	3.265
582349147	standing	ACCELEROMETER	-0.373	9.328	3.323
582349157	standing	ACCELEROMETER	-0.392	9.452	3.428
582349167	standing	ACCELEROMETER	-0.526	9.443	3.227
582349177	standing	ACCELEROMETER	-0.526	9.529	3.15
582349184	standing	LIGHT	152.0	0.0	0.0
582349187	standing	ACCELEROMETER	-0.392	9.634	3.064
582349192	standing	LIGHT	151.0	0.0	0.0
582349197	standing	ACCELEROMETER	-0.555	9.605	3.055
582349202	standing	LIGHT	150.0	0.0	0.0
582349207	standing	ACCELEROMETER	-0.469	9.586	3.15
582349217	standing	ACCELEROMETER	-0.43	9.548	3.083
582349227	standing	ACCELEROMETER	-0.363	9.443	3.16
582349237	standing	ACCELEROMETER	-0.249	9.433	3.227
582349247	standing	ACCELEROMETER	-0.181	9.366	3.323
582349257	standing	ACCELEROMETER	-0.21	9.308	3.428
582349267	standing	ACCELEROMETER	-0.124	9.328	3.466
582349277	standing	ACCELEROMETER	-0.22	9.308	3.553
582349283	standing	LIGHT	146.0	0.0	0.0
582349287	standing	ACCELEROMETER	-0.344	9.328	3.744
582349292	standing	LIGHT	143.0	0.0	0.0
582349297	standing	ACCELEROMETER	-0.287	9.385	3.763
582349303	standing	LIGHT	143.0	0.0	0.0
582349303	standing	PROXIMITY	100.0	0.0	0.0
582349303	standing	Stowed	0.0	0.0	0.0	0.0	0.0	0.0	0.0	0.0	0.0	0.0	0.0	0.0	0.0	0.0	0.0	0.0
582349308	standing	ACCELEROMETER	-0.306	9.404	3.811
582349312	standing	LIGHT	140.0	0.0	0.0
582349317	standing	ACCELEROMETER	-0.344	9.28	3.735
582349327	standing	ACCELEROMETER	-0.383	9.328	3.687
582349337	standing	ACCELEROMETER	-0.402	9.337	3.83
582349347	standing	ACCELEROMETER	-0.392	9.347	3.945
582349357	standing	ACCELEROMETER	-0.363	9.376	4.06
582349367	standing	ACCELEROMETER	-0.325	9.328	3.993
582349377	standing	ACCELEROMETER	-0.316	9.366	3.964
582349382	standing	LIGHT	138.0	0.0	0.0
582349387	standing	ACCELEROMETER	-0.45	9.414	3.696
582349393	standing	LIGHT	137.0	0.0	0.0
582349397	standing	ACCELEROMETER	-0.517	9.471	3.514
582349404	standing	LIGHT	136.0	0.0	0.0
582349407	standing	ACCELEROMETER	-0.574	9.577	3.371
582349417	standing	ACCELEROMETER	-0.488	9.5	3.198
582349427	standing	ACCELEROMETER	-0.373	9.404	3.064
582349437	standing	ACCELEROMETER	-0.181	9.385	2.94
582349447	standing	ACCELEROMETER	-0.047	9.308	2.94
582349457	standing	ACCELEROMETER	-0.009	9.308	2.863
582349467	standing	ACCELEROMETER	0.114	9.241	2.959
582349477	standing	ACCELEROMETER	0.047	9.241	3.045
582349483	standing	LIGHT	131.0	0.0	0.0
582349487	standing	ACCELEROMETER	-0.086	9.241	3.15
582349492	standing	LIGHT	127.0	0.0	0.0
582349497	standing	ACCELEROMETER	-0.201	9.241	3.189
582349504	standing	LIGHT	123.0	0.0	0.0
582349508	standing	ACCELEROMETER	-0.22	9.261	3.332
582349517	standing	ACCELEROMETER	-0.268	9.366	3.428
582349527	standing	ACCELEROMETER	-0.354	9.337	3.486
582349537	standing	ACCELEROMETER	-0.526	9.452	3.591
582349547	standing	ACCELEROMETER	-0.526	9.462	3.591
582349557	standing	ACCELEROMETER	-0.593	9.51	3.687
582349567	standing	ACCELEROMETER	-0.689	9.586	3.763
582349577	standing	ACCELEROMETER	-0.766	9.596	3.735
582349587	standing	ACCELEROMETER	-0.775	9.586	3.61
582349598	standing	ACCELEROMETER	-0.785	9.577	3.572
582349607	standing	ACCELEROMETER	-0.814	9.605	3.428
582349617	standing	ACCELEROMETER	-0.833	9.548	3.428
582349627	standing	ACCELEROMETER	-0.766	9.51	3.438
582349637	standing	ACCELEROMETER	-0.641	9.462	3.352
582349647	standing	ACCELEROMETER	-0.498	9.481	3.265
582349657	standing	ACCELEROMETER	-0.421	9.376	3.227
582349667	standing	ACCELEROMETER	-0.344	9.347	3.141
582349677	standing	ACCELEROMETER	-0.392	9.356	3.256
582349687	standing	ACCELEROMETER	-0.354	9.337	3.17
582349697	standing	ACCELEROMETER	-0.268	9.328	3.131
582349707	standing	ACCELEROMETER	-0.268	9.395	3.083
582349717	standing	ACCELEROMETER	-0.363	9.356	3.035
582349727	standing	ACCELEROMETER	-0.344	9.385	2.959
582349737	standing	ACCELEROMETER	-0.344	9.414	2.997
582349747	standing	ACCELEROMETER	-0.45	9.481	3.026
582349757	standing	ACCELEROMETER	-0.517	9.538	3.045
582349767	standing	ACCELEROMETER	-0.478	9.481	3.074
582349777	standing	ACCELEROMETER	-0.517	9.481	3.007
582349788	standing	ACCELEROMETER	-0.526	9.452	3.112
582349797	standing	ACCELEROMETER	-0.478	9.385	3.38
582349807	standing	ACCELEROMETER	-0.565	9.376	3.486
582349817	standing	ACCELEROMETER	-0.526	9.366	3.859
582349827	standing	ACCELEROMETER	-0.469	9.376	3.744
582349837	standing	ACCELEROMETER	-0.507	9.28	3.658
582349847	standing	ACCELEROMETER	-0.536	9.289	3.696
582349861	standing	ACCELEROMETER	-0.536	9.366	3.984
582349868	standing	ACCELEROMETER	-0.574	9.395	4.079
582349877	standing	ACCELEROMETER	-0.593	9.404	4.118
582349887	standing	ACCELEROMETER	-0.727	9.385	4.089
582349897	standing	ACCELEROMETER	-0.718	9.423	4.003
582349907	standing	ACCELEROMETER	-0.737	9.452	3.888
582349917	standing	ACCELEROMETER	-0.766	9.471	3.888
582349927	standing	ACCELEROMETER	-0.727	9.49	3.897
582349937	standing	ACCELEROMETER	-0.536	9.452	3.936
582349949	standing	ACCELEROMETER	-0.45	9.404	3.974
582349957	standing	ACCELEROMETER	-0.296	9.299	3.964
582349967	standing	ACCELEROMETER	-0.21	9.308	3.773
582349977	standing	ACCELEROMETER	-0.191	9.251	3.553
582349983	standing	LIGHT	124.0	0.0	0.0
582349987	standing	ACCELEROMETER	-0.296	9.261	3.39
582349990	standing	LIGHT	125.0	0.0	0.0
582349997	standing	ACCELEROMETER	-0.411	9.241	3.246
582350001	standing	LIGHT	126.0	0.0	0.0
582350007	standing	ACCELEROMETER	-0.488	9.299	3.265
582350017	standing	ACCELEROMETER	-0.402	9.443	3.198
582350027	standing	ACCELEROMETER	-0.45	9.356	2.921
582350037	standing	ACCELEROMETER	-0.593	9.318	2.911
582350047	standing	ACCELEROMETER	-0.727	9.567	3.361
582350057	standing	ACCELEROMETER	-0.785	9.711	3.639
582350067	standing	ACCELEROMETER	-0.622	9.538	3.581
582350077	standing	ACCELEROMETER	-0.67	9.241	3.179
582350082	standing	LIGHT	125.0	0.0	0.0
582350087	standing	ACCELEROMETER	-0.545	9.194	3.342
582350091	standing	LIGHT	124.0	0.0	0.0
582350097	standing	ACCELEROMETER	-0.114	9.471	3.811
582350101	standing	LIGHT	123.0	0.0	0.0
582350107	standing	ACCELEROMETER	0.239	9.749	3.696
582350117	standing	ACCELEROMETER	0.086	9.72	3.208
582350127	standing	ACCELEROMETER	-0.162	9.663	2.719
582350137	standing	ACCELEROMETER	-0.124	9.759	2.164
582350147	standing	ACCELEROMETER	-0.354	9.682	1.618
582350157	standing	ACCELEROMETER	-0.45	9.625	1.446
582350167	standing	ACCELEROMETER	-0.383	9.519	1.561
582350177	standing	ACCELEROMETER	-0.277	9.28	2.03
582350183	standing	LIGHT	124.0	0.0	0.0
582350187	standing	ACCELEROMETER	-0.019	9.107	2.729
582350191	standing	LIGHT	125.0	0.0	0.0
582350197	standing	ACCELEROMETER	0.258	8.992	3.371
582350201	standing	LIGHT	126.0	0.0	0.0
582350207	standing	ACCELEROMETER	0.43	8.887	3.754
582350217	standing	ACCELEROMETER	0.316	8.916	4.204
582350227	standing	ACCELEROMETER	0.028	9.002	4.52
582350238	standing	ACCELEROMETER	-0.306	9.174	4.616
582350247	standing	ACCELEROMETER	-0.478	9.318	4.731
582350257	standing	ACCELEROMETER	-0.517	9.433	4.721
582350267	standing	ACCELEROMETER	-0.517	9.481	4.462
582350277	standing	ACCELEROMETER	-0.459	9.567	4.185
582350287	standing	ACCELEROMETER	-0.603	9.625	4.003
582350297	standing	ACCELEROMETER	-0.67	9.625	3.926
582350307	standing	ACCELEROMETER	-0.718	9.586	3.859
582350317	standing	ACCELEROMETER	-0.718	9.577	3.84
582350327	standing	ACCELEROMETER	-0.66	9.538	3.773
582350337	standing	ACCELEROMETER	-0.459	9.433	3.572
582350347	standing	ACCELEROMETER	-0.363	9.376	3.533
582350357	standing	ACCELEROMETER	-0.249	9.318	3.447
582350367	standing	ACCELEROMETER	-0.21	9.232	3.428
582350377	standing	ACCELEROMETER	-0.191	9.27	3.332
582350387	standing	ACCELEROMETER	-0.114	9.232	3.409
582350397	standing	ACCELEROMETER	-0.038	9.27	3.275
582350407	standing	ACCELEROMETER	-0.105	9.289	3.16
582350417	standing	ACCELEROMETER	-0.095	9.366	3.055
582350427	standing	ACCELEROMETER	-0.258	9.443	3.074
582350437	standing	ACCELEROMETER	-0.287	9.49	3.055
582350447	standing	ACCELEROMETER	-0.22	9.433	2.988
582350457	standing	ACCELEROMETER	-0.296	9.423	3.102
582350467	standing	ACCELEROMETER	-0.143	9.347	3.15
582350477	standing	ACCELEROMETER	-0.124	9.328	3.428
582350487	standing	ACCELEROMETER	-0.086	9.289	3.486
582350497	standing	ACCELEROMETER	-0.105	9.28	3.486
582350507	standing	ACCELEROMETER	-0.268	9.318	3.476
582350517	standing	ACCELEROMETER	-0.392	9.356	3.399
582350527	standing	ACCELEROMETER	-0.459	9.356	3.486
582350537	standing	ACCELEROMETER	-0.373	9.481	3.581
582350547	standing	ACCELEROMETER	-0.421	9.404	3.601
582350557	standing	ACCELEROMETER	-0.44	9.481	3.658
582350567	standing	ACCELEROMETER	-0.469	9.481	3.792
582350577	standing	ACCELEROMETER	-0.517	9.519	3.802
582350587	standing	ACCELEROMETER	-0.593	9.519	3.706
582350597	standing	ACCELEROMETER	-0.574	9.538	3.658
582350607	standing	ACCELEROMETER	-0.478	9.519	3.524
582350617	standing	ACCELEROMETER	-0.469	9.462	3.399
582350627	standing	ACCELEROMETER	-0.421	9.452	3.457
582350637	standing	ACCELEROMETER	-0.344	9.385	3.505
582350647	standing	ACCELEROMETER	-0.344	9.395	3.399
582350657	standing	ACCELEROMETER	-0.296	9.404	3.342
582350667	standing	ACCELEROMETER	-0.354	9.376	3.352
582350677	standing	ACCELEROMETER	-0.344	9.376	3.294
582350687	standing	ACCELEROMETER	-0.354	9.414	3.227
582350697	standing	ACCELEROMETER	-0.354	9.376	3.275
582350707	standing	ACCELEROMETER	-0.335	9.376	3.284
582350717	standing	ACCELEROMETER	-0.316	9.376	3.39
582350727	standing	ACCELEROMETER	-0.316	9.385	3.447
582350737	standing	ACCELEROMETER	-0.296	9.385	3.562
582350747	standing	ACCELEROMETER	-0.354	9.385	3.457
582350757	standing	ACCELEROMETER	-0.354	9.366	3.553
582350767	standing	ACCELEROMETER	-0.373	9.395	3.543
582350777	standing	ACCELEROMETER	-0.363	9.376	3.543
582350787	standing	ACCELEROMETER	-0.411	9.404	3.543
582350797	standing	ACCELEROMETER	-0.392	9.423	3.591
582350807	standing	ACCELEROMETER	-0.459	9.481	3.572
582350817	standing	ACCELEROMETER	-0.45	9.471	3.514
582350827	standing	ACCELEROMETER	-0.43	9.443	3.553
582350837	standing	ACCELEROMETER	-0.45	9.395	3.533
582350847	standing	ACCELEROMETER	-0.45	9.395	3.533
582350857	standing	ACCELEROMETER	-0.383	9.366	3.466
582350867	standing	ACCELEROMETER	-0.277	9.347	3.476
582350871	standing	LIGHT	130.0	0.0	0.0
582350877	standing	ACCELEROMETER	-0.325	9.423	3.438
582350882	standing	LIGHT	135.0	0.0	0.0
582350887	standing	ACCELEROMETER	-0.296	9.328	3.409
582350890	standing	LIGHT	140.0	0.0	0.0
582350897	standing	ACCELEROMETER	-0.335	9.385	3.409
582350907	standing	ACCELEROMETER	-0.383	9.414	3.38
582350917	standing	ACCELEROMETER	-0.296	9.404	3.275
582350927	standing	ACCELEROMETER	-0.344	9.376	3.237
582350937	standing	ACCELEROMETER	-0.44	9.356	3.428
582350947	standing	ACCELEROMETER	-0.383	9.452	3.466
582350957	standing	ACCELEROMETER	-0.402	9.404	3.495
582350967	standing	ACCELEROMETER	-0.316	9.414	3.39
582350973	standing	LIGHT	138.0	0.0	0.0
582350978	standing	ACCELEROMETER	-0.325	9.337	3.39
582350982	standing	LIGHT	137.0	0.0	0.0
582350987	standing	ACCELEROMETER	-0.411	9.443	3.428
582350991	standing	LIGHT	136.0	0.0	0.0
582350997	standing	ACCELEROMETER	-0.392	9.414	3.514
582351007	standing	ACCELEROMETER	-0.363	9.366	3.505
582351017	standing	ACCELEROMETER	-0.392	9.376	3.361
582351027	standing	ACCELEROMETER	-0.43	9.385	3.38
582351037	standing	ACCELEROMETER	-0.421	9.414	3.505
582351047	standing	ACCELEROMETER	-0.44	9.462	3.572
582351057	standing	ACCELEROMETER	-0.459	9.452	3.61
582351067	standing	ACCELEROMETER	-0.383	9.443	3.61
582351077	standing	ACCELEROMETER	-0.392	9.443	3.533
582351087	standing	ACCELEROMETER	-0.411	9.414	3.476
582351097	standing	ACCELEROMETER	-0.335	9.376	3.371
582351107	standing	ACCELEROMETER	-0.335	9.328	3.265
582351117	standing	ACCELEROMETER	-0.296	9.347	3.275
582351127	standing	ACCELEROMETER	-0.258	9.347	3.409
582351137	standing	ACCELEROMETER	-0.363	9.376	3.428
582351147	standing	ACCELEROMETER	-0.354	9.404	3.543
582351157	standing	ACCELEROMETER	-0.325	9.385	3.505
582351167	standing	ACCELEROMETER	-0.392	9.395	3.591
582351172	standing	LIGHT	135.0	0.0	0.0
582351177	standing	ACCELEROMETER	-0.325	9.376	3.591
582351186	standing	LIGHT	134.0	0.0	0.0
582351187	standing	ACCELEROMETER	-0.344	9.356	3.639
582351191	standing	LIGHT	133.0	0.0	0.0
582351197	standing	ACCELEROMETER	-0.325	9.337	3.687
582351207	standing	ACCELEROMETER	-0.325	9.366	3.821
582351217	standing	ACCELEROMETER	-0.421	9.433	3.821
582351227	standing	ACCELEROMETER	-0.44	9.443	3.792
582351237	standing	ACCELEROMETER	-0.517	9.471	3.735
582351247	standing	ACCELEROMETER	-0.43	9.49	3.744
582351257	standing	ACCELEROMETER	-0.306	9.395	3.543
582351267	standing	ACCELEROMETER	-0.344	9.395	3.466
582351270	standing	LIGHT	135.0	0.0	0.0
582351277	standing	ACCELEROMETER	-0.316	9.395	3.352
582351281	standing	LIGHT	137.0	0.0	0.0
582351287	standing	ACCELEROMETER	-0.402	9.356	3.38
582351291	standing	LIGHT	140.0	0.0	0.0
582351297	standing	ACCELEROMETER	-0.392	9.376	3.352
582351307	standing	ACCELEROMETER	-0.373	9.289	3.438
582351317	standing	ACCELEROMETER	-0.201	9.366	3.419
582351327	standing	ACCELEROMETER	-0.229	9.376	3.342
582351337	standing	ACCELEROMETER	-0.344	9.414	3.284
582351347	standing	ACCELEROMETER	-0.478	9.356	3.323
582351357	standing	ACCELEROMETER	-0.507	9.404	3.409
582351367	standing	ACCELEROMETER	-0.44	9.452	3.466
582351377	standing	ACCELEROMETER	-0.402	9.481	3.466
582351387	standing	ACCELEROMETER	-0.306	9.423	3.428
582351397	standing	ACCELEROMETER	-0.258	9.404	3.399
582351407	standing	ACCELEROMETER	-0.306	9.395	3.352
582351417	standing	ACCELEROMETER	-0.287	9.356	3.419
582351427	standing	ACCELEROMETER	-0.325	9.385	3.447
582351437	standing	ACCELEROMETER	-0.316	9.337	3.323
582351447	standing	ACCELEROMETER	-0.287	9.356	3.332
582351457	standing	ACCELEROMETER	-0.277	9.318	3.361
582351467	standing	ACCELEROMETER	-0.306	9.366	3.476
582351477	standing	ACCELEROMETER	-0.277	9.376	3.447
582351487	standing	ACCELEROMETER	-0.335	9.395	3.409
582351497	standing	ACCELEROMETER	-0.325	9.347	3.466
582351507	standing	ACCELEROMETER	-0.296	9.395	3.495
582351517	standing	ACCELEROMETER	-0.354	9.395	3.476
582351527	standing	ACCELEROMETER	-0.363	9.414	3.591
582351537	standing	ACCELEROMETER	-0.335	9.404	3.543
582351547	standing	ACCELEROMETER	-0.268	9.356	3.581
582351557	standing	ACCELEROMETER	-0.344	9.347	3.553
582351567	standing	ACCELEROMETER	-0.421	9.366	3.687
582351577	standing	ACCELEROMETER	-0.383	9.423	3.591
582351587	standing	ACCELEROMETER	-0.43	9.376	3.533
582351597	standing	ACCELEROMETER	-0.421	9.385	3.524
582351607	standing	ACCELEROMETER	-0.459	9.366	3.639
582351617	standing	ACCELEROMETER	-0.43	9.481	3.639
582351627	standing	ACCELEROMETER	-0.43	9.423	3.562
582351637	standing	ACCELEROMETER	-0.478	9.443	3.524
582351647	standing	ACCELEROMETER	-0.421	9.443	3.476
582351657	standing	ACCELEROMETER	-0.43	9.395	3.61
582351667	standing	ACCELEROMETER	-0.45	9.404	3.648
582351677	standing	ACCELEROMETER	-0.517	9.366	3.668
582351687	standing	ACCELEROMETER	-0.545	9.366	3.668
582351697	standing	ACCELEROMETER	-0.459	9.414	3.639
582351707	standing	ACCELEROMETER	-0.344	9.404	3.591
582351717	standing	ACCELEROMETER	-0.363	9.443	3.601
582351727	standing	ACCELEROMETER	-0.306	9.423	3.553
582351737	standing	ACCELEROMETER	-0.344	9.395	3.61
582351747	standing	ACCELEROMETER	-0.277	9.433	3.476
582351757	standing	ACCELEROMETER	-0.316	9.376	3.409
582351767	standing	ACCELEROMETER	-0.354	9.414	3.428
582351770	standing	LIGHT	137.0	0.0	0.0
582351777	standing	ACCELEROMETER	-0.316	9.404	3.38
582351781	standing	LIGHT	135.0	0.0	0.0
582351787	standing	ACCELEROMETER	-0.277	9.414	3.323
582351792	standing	LIGHT	133.0	0.0	0.0
582351797	standing	ACCELEROMETER	-0.249	9.395	3.208
582351807	standing	ACCELEROMETER	-0.201	9.395	3.275
582351817	standing	ACCELEROMETER	-0.268	9.376	3.361
582351827	standing	ACCELEROMETER	-0.22	9.385	3.419
582351837	standing	ACCELEROMETER	-0.287	9.433	3.476
582351847	standing	ACCELEROMETER	-0.335	9.376	3.505
582351857	standing	ACCELEROMETER	-0.287	9.443	3.466
582351867	standing	ACCELEROMETER	-0.229	9.385	3.495
582351873	standing	LIGHT	134.0	0.0	0.0
582351877	standing	ACCELEROMETER	-0.258	9.356	3.524
582351881	standing	LIGHT	135.0	0.0	0.0
582351887	standing	ACCELEROMETER	-0.325	9.356	3.581
582351891	standing	LIGHT	136.0	0.0	0.0
582351897	standing	ACCELEROMETER	-0.296	9.366	3.524
582351907	standing	ACCELEROMETER	-0.277	9.414	3.533
582351917	standing	ACCELEROMETER	-0.172	9.308	3.457
582351927	standing	ACCELEROMETER	-0.229	9.299	3.409
582351937	standing	ACCELEROMETER	-0.239	9.356	3.352
582351947	standing	ACCELEROMETER	-0.344	9.414	3.419
582351957	standing	ACCELEROMETER	-0.392	9.433	3.409
582351967	standing	ACCELEROMETER	-0.373	9.433	3.457
582351977	standing	ACCELEROMETER	-0.258	9.452	3.371
582351987	standing	ACCELEROMETER	-0.335	9.356	3.246
582351997	standing	ACCELEROMETER	-0.383	9.385	3.352
582352007	standing	ACCELEROMETER	-0.43	9.404	3.342
582352017	standing	ACCELEROMETER	-0.478	9.395	3.438
582352027	standing	ACCELEROMETER	-0.402	9.404	3.428
582352038	standing	ACCELEROMETER	-0.44	9.414	3.399
582352047	standing	ACCELEROMETER	-0.45	9.404	3.447
582352057	standing	ACCELEROMETER	-0.45	9.443	3.438
582352067	standing	ACCELEROMETER	-0.469	9.404	3.486
582352073	standing	LIGHT	135.0	0.0	0.0
582352077	standing	ACCELEROMETER	-0.411	9.404	3.562
582352081	standing	LIGHT	134.0	0.0	0.0
582352087	standing	ACCELEROMETER	-0.45	9.404	3.533
582352091	standing	LIGHT	133.0	0.0	0.0
582352097	standing	ACCELEROMETER	-0.478	9.404	3.581
582352107	standing	ACCELEROMETER	-0.421	9.452	3.524
582352117	standing	ACCELEROMETER	-0.469	9.519	3.533
582352127	standing	ACCELEROMETER	-0.526	9.452	3.553
582352137	standing	ACCELEROMETER	-0.469	9.519	3.591
582352147	standing	ACCELEROMETER	-0.459	9.49	3.466
582352157	standing	ACCELEROMETER	-0.383	9.49	3.409
582352167	standing	ACCELEROMETER	-0.363	9.395	3.332
582352177	standing	ACCELEROMETER	-0.363	9.404	3.275
582352187	standing	ACCELEROMETER	-0.268	9.423	3.409
582352197	standing	ACCELEROMETER	-0.258	9.404	3.39
582352207	standing	ACCELEROMETER	-0.287	9.366	3.352
582352217	standing	ACCELEROMETER	-0.258	9.395	3.409
582352227	standing	ACCELEROMETER	-0.277	9.376	3.399
582352237	standing	ACCELEROMETER	-0.229	9.337	3.237
582352247	standing	ACCELEROMETER	-0.268	9.366	3.275
582352257	standing	ACCELEROMETER	-0.239	9.395	3.284
582352267	standing	ACCELEROMETER	-0.306	9.376	3.342
582352272	standing	LIGHT	134.0	0.0	0.0
582352277	standing	ACCELEROMETER	-0.296	9.433	3.399
582352282	standing	LIGHT	135.0	0.0	0.0
582352287	standing	ACCELEROMETER	-0.316	9.443	3.39
582352291	standing	LIGHT	136.0	0.0	0.0
582352297	standing	ACCELEROMETER	-0.354	9.433	3.409
582352307	standing	ACCELEROMETER	-0.335	9.404	3.419
582352317	standing	ACCELEROMETER	-0.363	9.385	3.495
582352327	standing	ACCELEROMETER	-0.277	9.385	3.629
582352337	standing	ACCELEROMETER	-0.268	9.366	3.668
582352347	standing	ACCELEROMETER	-0.335	9.376	3.61
582352357	standing	ACCELEROMETER	-0.296	9.366	3.668
582352367	standing	ACCELEROMETER	-0.325	9.404	3.505
582352371	standing	LIGHT	135.0	0.0	0.0
582352377	standing	ACCELEROMETER	-0.383	9.376	3.543
582352382	standing	LIGHT	134.0	0.0	0.0
582352387	standing	ACCELEROMETER	-0.373	9.395	3.581
582352392	standing	LIGHT	133.0	0.0	0.0
582352397	standing	ACCELEROMETER	-0.344	9.385	3.533
582352408	standing	ACCELEROMETER	-0.325	9.443	3.601
582352417	standing	ACCELEROMETER	-0.325	9.376	3.572
582352427	standing	ACCELEROMETER	-0.296	9.404	3.428
582352437	standing	ACCELEROMETER	-0.354	9.443	3.399
582352447	standing	ACCELEROMETER	-0.392	9.443	3.352
582352457	standing	ACCELEROMETER	-0.44	9.452	3.313
582352467	standing	ACCELEROMETER	-0.45	9.471	3.256
582352477	standing	ACCELEROMETER	-0.354	9.404	3.352
582352487	standing	ACCELEROMETER	-0.316	9.404	3.409
582352497	standing	ACCELEROMETER	-0.373	9.395	3.39
582352507	standing	ACCELEROMETER	-0.354	9.366	3.457
582352517	standing	ACCELEROMETER	-0.363	9.404	3.457
582352527	standing	ACCELEROMETER	-0.383	9.443	3.486
582352537	standing	ACCELEROMETER	-0.373	9.481	3.447
582352547	standing	ACCELEROMETER	-0.344	9.423	3.304
582352557	standing	ACCELEROMETER	-0.354	9.433	3.361
582352567	standing	ACCELEROMETER	-0.316	9.366	3.438
582352577	standing	ACCELEROMETER	-0.258	9.414	3.399
582352587	standing	ACCELEROMETER	-0.268	9.385	3.409
582352597	standing	ACCELEROMETER	-0.296	9.366	3.323
582352607	standing	ACCELEROMETER	-0.191	9.385	3.371
582352617	standing	ACCELEROMETER	-0.249	9.395	3.342
582352627	standing	ACCELEROMETER	-0.325	9.366	3.38
582352637	standing	ACCELEROMETER	-0.363	9.433	3.371
582352647	standing	ACCELEROMETER	-0.392	9.433	3.323
582352657	standing	ACCELEROMETER	-0.373	9.452	3.323
582352667	standing	ACCELEROMETER	-0.239	9.423	3.399
582352677	standing	ACCELEROMETER	-0.325	9.414	3.447
582352687	standing	ACCELEROMETER	-0.325	9.414	3.495
582352697	standing	ACCELEROMETER	-0.344	9.433	3.572
582352707	standing	ACCELEROMETER	-0.421	9.481	3.658
582352717	standing	ACCELEROMETER	-0.517	9.433	3.591
582352727	standing	ACCELEROMETER	-0.584	9.452	3.514
582352737	standing	ACCELEROMETER	-0.526	9.51	3.543
582352747	standing	ACCELEROMETER	-0.43	9.414	3.591
582352757	standing	ACCELEROMETER	-0.392	9.385	3.524
582352767	standing	ACCELEROMETER	-0.306	9.481	3.514
582352777	standing	ACCELEROMETER	-0.306	9.404	3.438
582352787	standing	ACCELEROMETER	-0.335	9.385	3.486
582352797	standing	ACCELEROMETER	-0.363	9.414	3.572
582352807	standing	ACCELEROMETER	-0.296	9.395	3.524
582352817	standing	ACCELEROMETER	-0.249	9.347	3.457
582352829	standing	ACCELEROMETER	-0.22	9.376	3.419
582352837	standing	ACCELEROMETER	-0.201	9.395	3.428
582352847	standing	ACCELEROMETER	-0.258	9.366	3.323
582352857	standing	ACCELEROMETER	-0.373	9.385	3.313
582352867	standing	ACCELEROMETER	-0.344	9.414	3.361
582352877	standing	ACCELEROMETER	-0.383	9.433	3.352
582352887	standing	ACCELEROMETER	-0.459	9.376	3.332
582352897	standing	ACCELEROMETER	-0.411	9.443	3.419
582352907	standing	ACCELEROMETER	-0.325	9.414	3.399
582352917	standing	ACCELEROMETER	-0.44	9.423	3.428
582352927	standing	ACCELEROMETER	-0.354	9.433	3.419
582352938	standing	ACCELEROMETER	-0.363	9.443	3.438
582352947	standing	ACCELEROMETER	-0.325	9.452	3.342
582352957	standing	ACCELEROMETER	-0.44	9.462	3.39
582352967	standing	ACCELEROMETER	-0.373	9.443	3.352
582352977	standing	ACCELEROMETER	-0.45	9.404	3.323
582352987	standing	ACCELEROMETER	-0.383	9.404	3.419
582352997	standing	ACCELEROMETER	-0.296	9.385	3.428
582353007	standing	ACCELEROMETER	-0.306	9.404	3.447
582353017	standing	ACCELEROMETER	-0.277	9.443	3.457
582353027	standing	ACCELEROMETER	-0.344	9.376	3.486
582353037	standing	ACCELEROMETER	-0.296	9.423	3.495
582353047	standing	ACCELEROMETER	-0.354	9.376	3.524
582353057	standing	ACCELEROMETER	-0.392	9.433	3.457
582353067	standing	ACCELEROMETER	-0.507	9.433	3.447
582353077	standing	ACCELEROMETER	-0.363	9.481	3.428
582353087	standing	ACCELEROMETER	-0.363	9.452	3.447
582353097	standing	ACCELEROMETER	-0.344	9.385	3.419
582353107	standing	ACCELEROMETER	-0.392	9.376	3.476
582353117	standing	ACCELEROMETER	-0.277	9.423	3.361
582353127	standing	ACCELEROMETER	-0.325	9.366	3.313
582353137	standing	ACCELEROMETER	-0.277	9.337	3.39
582353147	standing	ACCELEROMETER	-0.306	9.347	3.409
582353157	standing	ACCELEROMETER	-0.335	9.423	3.428
582353167	standing	ACCELEROMETER	-0.344	9.395	3.562
582353177	standing	ACCELEROMETER	-0.316	9.452	3.533
582353187	standing	ACCELEROMETER	-0.316	9.395	3.409
582353197	standing	ACCELEROMETER	-0.316	9.376	3.342
582353207	standing	ACCELEROMETER	-0.392	9.443	3.457
582353217	standing	ACCELEROMETER	-0.354	9.433	3.361
582353227	standing	ACCELEROMETER	-0.268	9.433	3.419
582353237	standing	ACCELEROMETER	-0.22	9.395	3.371
582353247	standing	ACCELEROMETER	-0.306	9.337	3.332
582353257	standing	ACCELEROMETER	-0.22	9.395	3.304
582353262	standing	LIGHT	134.0	0.0	0.0
582353267	standing	ACCELEROMETER	-0.344	9.404	3.275
582353271	standing	LIGHT	135.0	0.0	0.0
582353277	standing	ACCELEROMETER	-0.411	9.404	3.38
582353281	standing	LIGHT	136.0	0.0	0.0
582353287	standing	ACCELEROMETER	-0.45	9.395	3.323
582353297	standing	ACCELEROMETER	-0.478	9.433	3.332
582353307	standing	ACCELEROMETER	-0.459	9.452	3.38
582353317	standing	ACCELEROMETER	-0.43	9.414	3.361
582353327	standing	ACCELEROMETER	-0.421	9.452	3.409
582353337	standing	ACCELEROMETER	-0.469	9.51	3.457
582353347	standing	ACCELEROMETER	-0.392	9.404	3.533
582353357	standing	ACCELEROMETER	-0.402	9.433	3.466
582353367	standing	ACCELEROMETER	-0.488	9.423	3.505
582353377	standing	ACCELEROMETER	-0.44	9.395	3.543
582353388	standing	ACCELEROMETER	-0.402	9.395	3.457
582353397	standing	ACCELEROMETER	-0.411	9.452	3.428
582353407	standing	ACCELEROMETER	-0.469	9.471	3.447
582353417	standing	ACCELEROMETER	-0.469	9.452	3.486
582353427	standing	ACCELEROMETER	-0.421	9.443	3.591
582353437	standing	ACCELEROMETER	-0.354	9.433	3.486
582353447	standing	ACCELEROMETER	-0.325	9.395	3.409
582353457	standing	ACCELEROMETER	-0.258	9.385	3.476
582353467	standing	ACCELEROMETER	-0.306	9.404	3.447
582353477	standing	ACCELEROMETER	-0.258	9.366	3.38
582353487	standing	ACCELEROMETER	-0.124	9.356	3.409
582353497	standing	ACCELEROMETER	-0.201	9.299	3.284
582353507	standing	ACCELEROMETER	-0.316	9.385	3.284
582353517	standing	ACCELEROMETER	-0.373	9.452	3.304
582353527	standing	ACCELEROMETER	-0.316	9.443	3.284
582353537	standing	ACCELEROMETER	-0.316	9.385	3.256
582353547	standing	ACCELEROMETER	-0.335	9.481	3.313
582353557	standing	ACCELEROMETER	-0.344	9.433	3.323
582353561	standing	LIGHT	132.0	0.0	0.0
582353567	standing	ACCELEROMETER	-0.354	9.366	3.361
582353571	standing	LIGHT	129.0	0.0	0.0
582353577	standing	ACCELEROMETER	-0.335	9.481	3.371
582353580	standing	LIGHT	126.0	0.0	0.0
582353587	standing	ACCELEROMETER	-0.392	9.443	3.352
582353597	standing	ACCELEROMETER	-0.383	9.443	3.361
582353607	standing	ACCELEROMETER	-0.316	9.423	3.352
582353617	standing	ACCELEROMETER	-0.44	9.433	3.447
582353627	standing	ACCELEROMETER	-0.43	9.481	3.428
582353637	standing	ACCELEROMETER	-0.488	9.452	3.447
582353647	standing	ACCELEROMETER	-0.411	9.452	3.409
582353657	standing	ACCELEROMETER	-0.526	9.423	3.342
582353667	standing	ACCELEROMETER	-0.411	9.356	3.399
582353677	standing	ACCELEROMETER	-0.383	9.404	3.438
582353687	standing	ACCELEROMETER	-0.114	9.251	3.514
582353697	standing	ACCELEROMETER	-0.229	9.481	3.466
582353707	standing	ACCELEROMETER	-0.316	9.385	3.275
582353717	standing	ACCELEROMETER	-0.153	9.366	3.524
582353727	standing	ACCELEROMETER	-0.632	9.222	3.945
582353737	standing	ACCELEROMETER	-1.072	9.529	4.98
582353747	standing	ACCELEROMETER	-1.177	9.519	5.008
582353757	standing	ACCELEROMETER	-0.584	9.471	4.357
582353763	standing	LIGHT	129.0	0.0	0.0
582353767	standing	ACCELEROMETER	-0.948	9.481	4.07
582353770	standing	LIGHT	132.0	0.0	0.0
582353777	standing	ACCELEROMETER	-0.545	9.663	3.323
582353781	standing	LIGHT	136.0	0.0	0.0
582353787	standing	ACCELEROMETER	-0.498	9.49	2.853
582353797	standing	ACCELEROMETER	-0.239	9.787	2.921
582353807	standing	ACCELEROMETER	-0.296	9.864	3.179
582353817	standing	ACCELEROMETER	-0.191	9.605	3.122
582353827	standing	ACCELEROMETER	-0.335	9.519	2.806
582353837	standing	ACCELEROMETER	-0.296	9.49	2.604
582353847	standing	ACCELEROMETER	-0.517	9.423	2.729
582353857	standing	ACCELEROMETER	-0.67	9.27	2.921
582353867	standing	ACCELEROMETER	-0.948	9.117	3.763
582353877	standing	ACCELEROMETER	-0.948	9.194	4.338
582353887	standing	ACCELEROMETER	-1.177	9.308	4.74
582353897	standing	ACCELEROMETER	-0.814	9.49	4.395
582353907	standing	ACCELEROMETER	-0.373	9.49	3.524
582353917	standing	ACCELEROMETER	-0.258	9.49	2.882
582353927	standing	ACCELEROMETER	-0.086	9.72	2.729
582353937	standing	ACCELEROMETER	-0.181	9.912	2.729
582353947	standing	ACCELEROMETER	-0.229	9.902	2.7
582353957	standing	ACCELEROMETER	-0.21	9.759	2.394
582353961	standing	LIGHT	132.0	0.0	0.0
582353967	standing	ACCELEROMETER	-0.335	9.711	2.212
582353972	standing	LIGHT	129.0	0.0	0.0
582353977	standing	ACCELEROMETER	-0.105	9.519	2.001
582353981	standing	LIGHT	126.0	0.0	0.0
582353987	standing	ACCELEROMETER	-0.019	9.289	1.963
582353997	standing	ACCELEROMETER	0.086	9.232	1.963
582354007	standing	ACCELEROMETER	0.229	9.232	1.982
582354017	standing	ACCELEROMETER	0.143	9.318	2.087
582354027	standing	ACCELEROMETER	0.086	9.452	2.298
582354037	standing	ACCELEROMETER	-0.181	9.529	2.355
582354047	standing	ACCELEROMETER	-0.191	9.73	2.394
582354057	standing	ACCELEROMETER	-0.201	9.864	2.174
582354060	standing	LIGHT	119.0	0.0	0.0
582354067	standing	ACCELEROMETER	-0.268	9.874	2.03
582354071	standing	LIGHT	112.0	0.0	0.0
582354077	standing	ACCELEROMETER	-0.277	9.845	2.011
582354082	standing	LIGHT	106.0	0.0	0.0
582354087	standing	ACCELEROMETER	-0.086	9.72	2.288
582354097	standing	ACCELEROMETER	-0.028	9.586	2.844
582354107	standing	ACCELEROMETER	0.095	9.433	3.237
582354117	standing	ACCELEROMETER	0.086	9.146	3.476
582354127	standing	ACCELEROMETER	-0.038	9.289	3.945
582354137	standing	ACCELEROMETER	-0.057	9.308	4.261
582354147	standing	ACCELEROMETER	-0.019	9.127	4.721
582354157	standing	ACCELEROMETER	0.43	9.012	4.97
582354161	standing	LIGHT	111.0	0.0	0.0
582354167	standing	ACCELEROMETER	0.909	8.82	5.152
582354171	standing	LIGHT	117.0	0.0	0.0
582354177	standing	ACCELEROMETER	1.024	8.954	5.095
582354181	standing	LIGHT	123.0	0.0	0.0
582354187	standing	ACCELEROMETER	0.89	9.251	5.209
582354197	standing	ACCELEROMETER	0.909	9.251	5.008
582354207	standing	ACCELEROMETER	0.766	9.251	4.673
582354217	standing	ACCELEROMETER	0.44	9.261	4.778
582354227	standing	ACCELEROMETER	0.201	9.337	4.731
582354237	standing	ACCELEROMETER	0.316	9.337	4.386
582354247	standing	ACCELEROMETER	0.392	9.318	3.773
582354257	standing	ACCELEROMETER	0.354	9.347	3.371
582354261	standing	LIGHT	129.0	0.0	0.0
582354267	standing	ACCELEROMETER	0.277	9.289	3.122
582354270	standing	LIGHT	136.0	0.0	0.0
582354277	standing	ACCELEROMETER	0.402	9.241	2.873
582354282	standing	LIGHT	143.0	0.0	0.0
582354287	standing	ACCELEROMETER	0.488	9.347	3.217
582354297	standing	ACCELEROMETER	0.651	9.414	3.39
582354307	standing	ACCELEROMETER	0.651	9.318	3.17
582354317	standing	ACCELEROMETER	0.584	9.347	3.093
582354327	standing	ACCELEROMETER	0.383	9.481	2.959
582354337	standing	ACCELEROMETER	0.153	9.586	3.064
582354347	standing	ACCELEROMETER	-0.038	9.433	3.543
582354357	standing	ACCELEROMETER	-0.019	9.423	3.735
582354361	standing	LIGHT	142.0	0.0	0.0
582354367	standing	ACCELEROMETER	0.047	9.337	3.332
582354371	standing	LIGHT	141.0	0.0	0.0
582354377	standing	ACCELEROMETER	0.239	9.414	2.269
582354380	standing	LIGHT	140.0	0.0	0.0
582354387	standing	ACCELEROMETER	0.536	9.481	1.446
582354398	standing	ACCELEROMETER	0.603	9.5	1.714
582354407	standing	ACCELEROMETER	0.545	9.682	2.269
582354417	standing	ACCELEROMETER	0.172	9.672	2.815
582354427	standing	ACCELEROMETER	0.229	9.596	3.016
582354437	standing	ACCELEROMETER	0.325	9.395	3.179
582354447	standing	ACCELEROMETER	0.536	9.174	3.342
582354452	standing	LIGHT	135.0	0.0	0.0
582354457	standing	ACCELEROMETER	0.775	9.261	3.792
582354461	standing	LIGHT	130.0	0.0	0.0
582354467	standing	ACCELEROMETER	0.699	9.098	3.581
582354475	standing	LIGHT	126.0	0.0	0.0
582354477	standing	ACCELEROMETER	0.392	9.031	3.419
582354487	standing	ACCELEROMETER	0.076	9.107	2.93
582354497	standing	ACCELEROMETER	-0.335	9.203	2.26
582354507	standing	ACCELEROMETER	-0.641	9.318	1.992
582354517	standing	ACCELEROMETER	-0.909	9.462	1.963
1548818161398	standing	Moto Glance Gesture	16.0	0.0	0.0	4.2E-45	0.0	0.0	0.0	0.0	0.0	0.0	0.0	0.0	0.0	0.0	0.0	0.0
582354527	standing	ACCELEROMETER	-0.785	9.529	2.116
582354537	standing	ACCELEROMETER	-0.957	9.5	2.212
582354547	standing	ACCELEROMETER	-0.794	9.404	2.403
582354554	standing	LIGHT	127.0	0.0	0.0
582354557	standing	ACCELEROMETER	-0.976	9.184	2.672
582354564	standing	LIGHT	128.0	0.0	0.0
582354567	standing	ACCELEROMETER	-1.235	9.107	3.61
582354570	standing	LIGHT	130.0	0.0	0.0
582354580	standing	ACCELEROMETER	-1.139	8.906	5.602
582354590	standing	ACCELEROMETER	-1.177	8.878	6.004
582354600	standing	ACCELEROMETER	-1.177	8.878	6.004
582354610	standing	ACCELEROMETER	-1.177	8.878	6.004
582354620	standing	ACCELEROMETER	-1.177	8.878	6.004
582354630	standing	ACCELEROMETER	-1.177	8.878	6.004
582354640	standing	ACCELEROMETER	-1.177	8.878	6.004
582354650	standing	ACCELEROMETER	-1.177	8.878	6.004
582354660	standing	ACCELEROMETER	-1.177	8.878	6.004
582354672	standing	ACCELEROMETER	-1.177	8.878	6.004
582354690	standing	LIGHT	127.0	0.0	0.0
582354682	standing	ACCELEROMETER	-1.197	8.897	5.918
582354697	standing	ACCELEROMETER	-1.197	8.897	5.918
582354701	standing	LIGHT	125.0	0.0	0.0
582354707	standing	ACCELEROMETER	-1.091	8.868	5.516
582354711	standing	LIGHT	123.0	0.0	0.0
582354717	standing	ACCELEROMETER	-1.187	8.772	5.391
582354727	standing	ACCELEROMETER	-1.139	8.705	5.334
582354737	standing	ACCELEROMETER	-1.082	8.801	5.324
582354747	standing	ACCELEROMETER	-1.139	8.763	5.411
582354751	standing	LIGHT	129.0	0.0	0.0
582354757	standing	ACCELEROMETER	-1.091	8.782	5.257
582354760	standing	LIGHT	136.0	0.0	0.0
582354767	standing	ACCELEROMETER	-0.996	8.906	4.778
582354773	standing	LIGHT	143.0	0.0	0.0
582354777	standing	ACCELEROMETER	-1.177	8.954	4.3
582354787	standing	ACCELEROMETER	-1.13	9.002	4.252
582354797	standing	ACCELEROMETER	-1.168	9.059	4.223
582354807	standing	ACCELEROMETER	-1.12	9.069	3.984
582354817	standing	ACCELEROMETER	-1.177	8.973	3.878
582354827	standing	ACCELEROMETER	-1.168	9.012	3.907
582354837	standing	ACCELEROMETER	-1.053	9.002	4.031
582354847	standing	ACCELEROMETER	-1.024	8.849	4.089
582354857	standing	ACCELEROMETER	-0.919	8.772	4.261
582354867	standing	ACCELEROMETER	-0.909	8.83	4.52
582354877	standing	ACCELEROMETER	-0.9	8.83	4.692
582354887	standing	ACCELEROMETER	-0.881	8.791	4.654
582354897	standing	ACCELEROMETER	-0.861	8.839	4.549
582354907	standing	ACCELEROMETER	-0.938	8.849	4.644
582354917	standing	ACCELEROMETER	-0.785	8.925	4.606
582354927	standing	ACCELEROMETER	-0.823	8.849	4.654
582354937	standing	ACCELEROMETER	-0.823	8.897	4.74
582354948	standing	ACCELEROMETER	-0.66	8.83	4.606
582354957	standing	ACCELEROMETER	-0.727	8.858	4.568
582354967	standing	ACCELEROMETER	-0.794	8.763	4.683
582354977	standing	ACCELEROMETER	-0.737	8.715	4.817
582354987	standing	ACCELEROMETER	-0.814	8.676	4.826
582354997	standing	ACCELEROMETER	-0.814	8.696	4.999
582355007	standing	ACCELEROMETER	-0.756	8.801	4.932
582355017	standing	ACCELEROMETER	-0.747	8.772	4.826
582355027	standing	ACCELEROMETER	-0.766	8.81	4.597
582355037	standing	ACCELEROMETER	-0.89	8.839	4.711
582355047	standing	ACCELEROMETER	-0.967	8.868	4.635
582355057	standing	ACCELEROMETER	-1.101	8.868	4.664
582355067	standing	ACCELEROMETER	-1.149	8.868	4.673
582355077	standing	ACCELEROMETER	-1.139	8.878	4.683
582355088	standing	ACCELEROMETER	-0.823	8.897	4.462
